id,firstname
1,449
2,542
3,117
4,542
5,551
6,586
7,703
8,89
9,605
10,741
11,268
12,438
13,330
14,368
15,963
16,322
17,481
18,70
19,123
20,2
21,6
22,848
23,566
24,693
25,238
26,986
27,290
28,640
29,723
30,462
31,617
32,388
33,688
34,600
35,380
36,47
37,66
38,58
39,232
40,123
41,427
42,789
43,636
44,302
45,334
46,405
47,499
48,570
49,843
50,585
51,880
52,32
53,484
54,660
55,270
56,438
57,128
58,654
59,486
60,519
61,477
62,1000
63,32
64,888
65,78
66,694
67,417
68,145
69,640
70,189
71,581
72,294
73,108
74,487
75,294
76,332
77,352
78,319
79,264
80,464
81,121
82,443
83,125
84,493
85,767
86,172
87,293
88,698
89,157
90,99
91,408
92,624
93,8
94,812
95,906
96,428
97,689
98,917
99,188
100,18
101,194
102,29
103,940
104,160
105,134
106,631
107,564
108,936
109,635
110,435
111,675
112,683
113,642
114,629
115,113
116,445
117,654
118,27
119,677
120,942
121,816
122,248
123,37
124,296
125,823
126,783
127,182
128,13
129,844
130,928
131,109
132,656
133,579
134,253
135,737
136,346
137,285
138,581
139,511
140,718
141,436
142,399
143,772
144,34
145,844
146,392
147,374
148,186
149,137
150,298
151,630
152,735
153,21
154,146
155,162
156,756
157,804
158,501
159,646
160,837
161,860
162,219
163,716
164,787
165,647
166,311
167,588
168,208
169,65
170,393
171,593
172,104
173,533
174,158
175,773
176,315
177,514
178,396
179,483
180,725
181,567
182,636
183,171
184,558
185,65
186,333
187,358
188,515
189,12
190,196
191,35
192,74
193,239
194,397
195,938
196,812
197,653
198,99
199,208
200,322
201,447
202,606
203,5
204,330
205,324
206,468
207,363
208,599
209,801
210,42
211,671
212,734
213,612
214,861
215,740
216,412
217,313
218,783
219,179
220,257
221,568
222,601
223,209
224,848
225,543
226,446
227,593
228,686
229,524
230,394
231,917
232,111
233,657
234,841
235,281
236,554
237,654
238,37
239,570
240,317
241,211
242,125
243,486
244,131
245,421
246,366
247,357
248,954
249,298
250,166
251,370
252,903
253,30
254,919
255,37
256,358
257,913
258,597
259,629
260,874
261,307
262,161
263,397
264,731
265,470
266,859
267,897
268,437
269,348
270,224
271,142
272,260
273,689
274,272
275,148
276,47
277,766
278,666
279,944
280,320
281,407
282,949
283,714
284,93
285,953
286,631
287,777
288,970
289,351
290,647
291,700
292,123
293,647
294,210
295,775
296,525
297,800
298,100
299,502
300,214
301,666
302,212
303,570
304,66
305,547
306,589
307,759
308,169
309,125
310,880
311,991
312,763
313,414
314,983
315,222
316,24
317,214
318,439
319,883
320,940
321,13
322,816
323,43
324,425
325,10
326,77
327,885
328,881
329,647
330,770
331,148
332,972
333,71
334,995
335,902
336,972
337,656
338,880
339,803
340,147
341,206
342,914
343,590
344,618
345,531
346,624
347,435
348,794
349,900
350,700
351,505
352,431
353,8
354,635
355,83
356,874
357,87
358,601
359,193
360,497
361,628
362,57
363,879
364,763
365,552
366,420
367,693
368,492
369,298
370,696
371,71
372,577
373,767
374,310
375,313
376,291
377,763
378,158
379,252
380,706
381,952
382,341
383,691
384,485
385,5
386,345
387,676
388,563
389,308
390,778
391,636
392,369
393,39
394,290
395,1000
396,600
397,605
398,868
399,235
400,984
401,387
402,613
403,11
404,780
405,74
406,584
407,852
408,984
409,903
410,274
411,961
412,965
413,789
414,288
415,38
416,800
417,962
418,562
419,251
420,218
421,657
422,760
423,187
424,152
425,894
426,793
427,12
428,365
429,961
430,974
431,154
432,316
433,888
434,475
435,393
436,930
437,453
438,736
439,862
440,769
441,765
442,322
443,749
444,665
445,900
446,281
447,45
448,353
449,766
450,30
451,509
452,599
453,604
454,214
455,680
456,645
457,588
458,685
459,681
460,891
461,305
462,673
463,84
464,425
465,939
466,27
467,785
468,810
469,845
470,845
471,426
472,805
473,900
474,694
475,729
476,910
477,208
478,457
479,468
480,946
481,882
482,522
483,836
484,955
485,331
486,243
487,759
488,423
489,102
490,467
491,566
492,958
493,732
494,143
495,520
496,236
497,345
498,386
499,757
500,752
501,967
502,975
503,32
504,12
505,245
506,497
507,175
508,452
509,382
510,898
511,749
512,848
513,237
514,723
515,393
516,365
517,524
518,465
519,302
520,355
521,624
522,947
523,201
524,6
525,711
526,148
527,440
528,923
529,211
530,451
531,595
532,495
533,299
534,827
535,707
536,583
537,560
538,410
539,990
540,985
541,671
542,70
543,842
544,736
545,764
546,196
547,584
548,961
549,858
550,270
551,805
552,388
553,580
554,251
555,456
556,703
557,251
558,593
559,852
560,250
561,917
562,384
563,390
564,832
565,506
566,732
567,179
568,487
569,495
570,331
571,765
572,448
573,788
574,263
575,281
576,542
577,844
578,142
579,13
580,958
581,570
582,940
583,734
584,761
585,887
586,940
587,406
588,671
589,183
590,563
591,100
592,479
593,422
594,952
595,58
596,313
597,459
598,50
599,604
600,223
601,688
602,516
603,4
604,25
605,234
606,927
607,864
608,233
609,310
610,669
611,746
612,304
613,92
614,376
615,840
616,645
617,761
618,627
619,365
620,321
621,700
622,806
623,679
624,687
625,820
626,500
627,1
628,646
629,615
630,688
631,169
632,113
633,831
634,391
635,82
636,914
637,208
638,485
639,728
640,536
641,533
642,259
643,303
644,123
645,320
646,949
647,113
648,427
649,798
650,27
651,589
652,816
653,280
654,409
655,692
656,311
657,349
658,189
659,994
660,885
661,581
662,22
663,468
664,236
665,611
666,686
667,674
668,920
669,88
670,721
671,912
672,697
673,491
674,845
675,647
676,689
677,347
678,500
679,23
680,262
681,350
682,808
683,898
684,779
685,473
686,944
687,83
688,268
689,277
690,626
691,682
692,389
693,85
694,94
695,834
696,941
697,303
698,111
699,924
700,804
701,588
702,696
703,957
704,529
705,355
706,262
707,569
708,936
709,980
710,80
711,649
712,582
713,605
714,290
715,166
716,287
717,836
718,881
719,407
720,58
721,546
722,144
723,645
724,561
725,219
726,694
727,793
728,147
729,503
730,693
731,959
732,897
733,573
734,292
735,901
736,291
737,475
738,319
739,95
740,843
741,729
742,678
743,89
744,624
745,241
746,861
747,248
748,482
749,188
750,887
751,234
752,423
753,826
754,152
755,413
756,95
757,879
758,104
759,610
760,773
761,586
762,866
763,858
764,616
765,802
766,141
767,309
768,889
769,85
770,312
771,229
772,612
773,858
774,129
775,440
776,476
777,996
778,53
779,789
780,13
781,810
782,833
783,829
784,893
785,198
786,416
787,714
788,725
789,751
790,554
791,537
792,729
793,651
794,289
795,783
796,746
797,758
798,977
799,887
800,814
801,83
802,800
803,461
804,827
805,970
806,555
807,327
808,998
809,457
810,952
811,338
812,199
813,343
814,325
815,254
816,384
817,820
818,412
819,535
820,842
821,656
822,273
823,486
824,679
825,379
826,269
827,95
828,393
829,456
830,26
831,680
832,258
833,209
834,139
835,526
836,107
837,462
838,647
839,139
840,262
841,809
842,600
843,59
844,424
845,643
846,63
847,415
848,490
849,748
850,752
851,770
852,959
853,273
854,791
855,766
856,558
857,858
858,418
859,658
860,173
861,36
862,162
863,439
864,36
865,557
866,339
867,961
868,23
869,182
870,598
871,236
872,798
873,544
874,469
875,927
876,554
877,800
878,717
879,148
880,779
881,769
882,1000
883,575
884,875
885,2
886,752
887,15
888,536
889,89
890,593
891,305
892,224
893,816
894,401
895,686
896,888
897,190
898,177
899,266
900,533
901,842
902,364
903,467
904,619
905,638
906,406
907,62
908,338
909,185
910,598
911,753
912,780
913,727
914,663
915,128
916,910
917,768
918,326
919,41
920,769
921,563
922,797
923,347
924,906
925,368
926,665
927,154
928,448
929,986
930,344
931,63
932,592
933,944
934,582
935,296
936,333
937,850
938,768
939,55
940,895
941,617
942,938
943,533
944,295
945,157
946,400
947,255
948,725
949,425
950,453
951,488
952,939
953,831
954,474
955,735
956,773
957,292
958,672
959,356
960,838
961,480
962,326
963,335
964,257
965,122
966,957
967,435
968,842
969,900
970,489
971,933
972,712
973,521
974,850
975,1
976,163
977,219
978,408
979,257
980,16
981,399
982,559
983,126
984,246
985,20
986,104
987,358
988,815
989,778
990,1
991,222
992,304
993,159
994,711
995,107
996,843
997,301
998,124
999,604
1000,564